{"cameraMode":{"drawMode":0,"name":"Shaded","section":"Shading Mode"},"sceneLighting":true,"audioPlay":false,"sceneViewState":{"showFog":true,"showMaterialUpdate":false,"showSkybox":true,"showFlares":true,"showImageEffects":true,"showParticleSystems":true},"in2DMode":false,"pivot":{"x":-1.8062405586242676,"y":-8.537959098815918,"z":23.959321975708009},"rotation":{"x":-0.2100711166858673,"y":0.03839017450809479,"z":-0.008256527595221997,"w":-0.9768971800804138},"size":29.26771354675293,"orthographic":false}